CaitlynMinimalist,Jewelry,United States,"26,648"
DesignArtATX,Art & Collectibles,United States,"13,804"
MyPorchPrints,Craft Supplies & Tools,United States,"12,902"
WarungBeads,Craft Supplies & Tools,United States,"11,909"
Beadboat1,Craft Supplies & Tools,United States,"10,784"
HeatherRobertsArt,Craft Supplies & Tools,United States,"9,971"
CitraGraphics,Paper & Party Supplies,United States,"9,838"
SeedGeeks,Home & Living,United States,"8,317"
HanhHomie,Craft Supplies & Tools,United States,"8,134"
Worldincensestore,Home & Living,United States,"7,386"
BaileyDesignedCo,Art & Collectibles,United States,"7,265"
BlackCatsMedia,Craft Supplies & Tools,United States,"7,040"
ModParty,Weddings,United States,"7,034"
MockstarBoutique,Art & Collectibles,United States,"6,947"
SouthernSeedExchange,Home & Living,United States,"6,941"
stonesdirect,Craft Supplies & Tools,United States,"6,628"
ShreeejiTemplate,Paper & Party Supplies,United States,"6,556"
GentlenessArt,Craft Supplies & Tools,United States,"6,118"
MagicMangoStudios,Art & Collectibles,United States,"5,962"
DavinciDigitalDesign,Art & Collectibles,United States,"5,941"
KennedyClaireCouture,Clothing,United States,"5,842"
ClassDesignArtCo,Craft Supplies & Tools,United States,"5,657"
NewDesignPrints,Art & Collectibles,United States,"5,641"
ImprintedSupplies,Craft Supplies & Tools,United States,"5,618"
Spoonflower,Craft Supplies & Tools,United States,"5,538"
artapli,Craft Supplies & Tools,United States,"5,536"
PersonalizedShed,Home & Living,United States,"5,471"
CrcbeadsShop,Craft Supplies & Tools,United States,"5,406"
PersonalizationMall,Home & Living,United States,"5,336"
PrimroseCottages,Craft Supplies & Tools,United States,"5,310"
CnlFinds,Home & Living,United States,"5,295"
thesawdustmakery,Craft Supplies & Tools,United States,"5,278"
RedInkDesignShop,Art & Collectibles,United States,"5,251"
WildHoneyCutters,Craft Supplies & Tools,United States,"5,136"
FlameDesignUS,Clothing,United States,"5,042"
OrindasOrnaments,Home & Living,United States,"5,029"
HoneyBunniesCrafts,Clothing,United States,"4,951"
JLDreamWorks,Craft Supplies & Tools,United States,"4,895"
Keptsake,Home & Living,United States,"4,877"
SugarHouseSwaddles,Home & Living,United States,"4,833"
SewSweetParadise,Craft Supplies & Tools,United States,"4,797"
ClipartWarehouse,Craft Supplies & Tools,United States,"4,783"
BeingHappyPrints,Paper & Party Supplies,United States,"4,760"
HoneydesignStore,Paper & Party Supplies,United States,"4,752"
FloralCoconut,Paper & Party Supplies,United States,"4,638"
TeeCraftForYou,Clothing,United States,"4,604"
CustomTeaShirt,Clothing,United States,"4,593"
LorettasBeads,Craft Supplies & Tools,United States,"4,570"
DigitalCurio,Craft Supplies & Tools,United States,"4,550"
ChristineShopCie,Weddings,United States,"4,495"
LoveSuna,Home & Living,United States,"4,473"
Jitistouch,Craft Supplies & Tools,United States,"4,462"
GoldenDotLane,Accessories,United States,"4,428"
SVGCUTTABLES,Craft Supplies & Tools,United States,"4,409"
YourWeddingPlace,Home & Living,United States,"4,364"
LillyAllenDesigns,Art & Collectibles,United States,"4,318"
CuTeesCustomShirts,Clothing,United States,"4,283"
AnabellasShop,Art & Collectibles,United States,"4,154"
OuferJewelry,Jewelry,United States,"4,136"
TaoShaofeng,Weddings,United States,"4,121"
bayandstew,Craft Supplies & Tools,United States,"4,091"
MadeOfMetal,Craft Supplies & Tools,United States,"4,042"
KatherineDream,Electronics & Accessories,United States,"4,038"